File,LOC,SLOC-P,SLOC-L,MVG,BLOC,C&SLOC,CLOC,CWORD,HCLOC,HCWORD
C:\Users\ZORE\Documents\NetBeansProjects\gimmo3\build\generated-sources\ap-source-output\com\entities\Affectationrole_.java,23,17,14,0,6,0,0,0,0,0
C:\Users\ZORE\Documents\NetBeansProjects\gimmo3\build\generated-sources\ap-source-output\com\entities\Affectationutilisateur_.java,25,19,16,0,6,0,0,0,0,0
C:\Users\ZORE\Documents\NetBeansProjects\gimmo3\build\generated-sources\ap-source-output\com\entities\Affectation_.java,27,21,18,0,6,0,0,0,0,0
C:\Users\ZORE\Documents\NetBeansProjects\gimmo3\build\generated-sources\ap-source-output\com\entities\Agentcat_.java,23,17,14,0,6,0,0,0,0,0
C:\Users\ZORE\Documents\NetBeansProjects\gimmo3\build\generated-sources\ap-source-output\com\entities\Agent_.java,36,30,27,0,6,0,0,0,0,0
C:\Users\ZORE\Documents\NetBeansProjects\gimmo3\build\generated-sources\ap-source-output\com\entities\Article_.java,28,22,19,0,6,0,0,0,0,0
C:\Users\ZORE\Documents\NetBeansProjects\gimmo3\build\generated-sources\ap-source-output\com\entities\Besoins_.java,24,18,15,0,6,0,0,0,0,0
C:\Users\ZORE\Documents\NetBeansProjects\gimmo3\build\generated-sources\ap-source-output\com\entities\Bonaffectation_.java,24,18,15,0,6,0,0,0,0,0
C:\Users\ZORE\Documents\NetBeansProjects\gimmo3\build\generated-sources\ap-source-output\com\entities\Bondotation_.java,24,18,15,0,6,0,0,0,0,0
C:\Users\ZORE\Documents\NetBeansProjects\gimmo3\build\generated-sources\ap-source-output\com\entities\Bonrestitution_.java,25,19,16,0,6,0,0,0,0,0
C:\Users\ZORE\Documents\NetBeansProjects\gimmo3\build\generated-sources\ap-source-output\com\entities\Bon_.java,26,20,17,0,6,0,0,0,0,0
C:\Users\ZORE\Documents\NetBeansProjects\gimmo3\build\generated-sources\ap-source-output\com\entities\Categorie_.java,21,15,12,0,6,0,0,0,0,0
C:\Users\ZORE\Documents\NetBeansProjects\gimmo3\build\generated-sources\ap-source-output\com\entities\Dotation_.java,25,19,16,0,6,0,0,0,0,0
C:\Users\ZORE\Documents\NetBeansProjects\gimmo3\build\generated-sources\ap-source-output\com\entities\Equipementreparation_.java,28,22,19,0,6,0,0,0,0,0
C:\Users\ZORE\Documents\NetBeansProjects\gimmo3\build\generated-sources\ap-source-output\com\entities\Equipementsortis_.java,25,19,16,0,6,0,0,0,0,0
C:\Users\ZORE\Documents\NetBeansProjects\gimmo3\build\generated-sources\ap-source-output\com\entities\Equipement_.java,40,34,31,0,6,0,0,0,0,0
C:\Users\ZORE\Documents\NetBeansProjects\gimmo3\build\generated-sources\ap-source-output\com\entities\Etat_.java,23,17,14,0,6,0,0,0,0,0
C:\Users\ZORE\Documents\NetBeansProjects\gimmo3\build\generated-sources\ap-source-output\com\entities\Famille_.java,24,18,15,0,6,0,0,0,0,0
C:\Users\ZORE\Documents\NetBeansProjects\gimmo3\build\generated-sources\ap-source-output\com\entities\Fournisseur_.java,29,23,20,0,6,0,0,0,0,0
C:\Users\ZORE\Documents\NetBeansProjects\gimmo3\build\generated-sources\ap-source-output\com\entities\Groupe_.java,23,17,14,0,6,0,0,0,0,0
C:\Users\ZORE\Documents\NetBeansProjects\gimmo3\build\generated-sources\ap-source-output\com\entities\Inventairemagasin_.java,25,19,16,0,6,0,0,0,0,0
C:\Users\ZORE\Documents\NetBeansProjects\gimmo3\build\generated-sources\ap-source-output\com\entities\Inventairestructure_.java,24,18,15,0,6,0,0,0,0,0
C:\Users\ZORE\Documents\NetBeansProjects\gimmo3\build\generated-sources\ap-source-output\com\entities\Magasin_.java,28,22,19,0,6,0,0,0,0,0
C:\Users\ZORE\Documents\NetBeansProjects\gimmo3\build\generated-sources\ap-source-output\com\entities\Marque_.java,23,17,14,0,6,0,0,0,0,0
C:\Users\ZORE\Documents\NetBeansProjects\gimmo3\build\generated-sources\ap-source-output\com\entities\Occupation_.java,25,19,16,0,6,0,0,0,0,0
C:\Users\ZORE\Documents\NetBeansProjects\gimmo3\build\generated-sources\ap-source-output\com\entities\Postedetravail_.java,26,20,17,0,6,0,0,0,0,0
C:\Users\ZORE\Documents\NetBeansProjects\gimmo3\build\generated-sources\ap-source-output\com\entities\Prestataire_.java,29,23,20,0,6,0,0,0,0,0
C:\Users\ZORE\Documents\NetBeansProjects\gimmo3\build\generated-sources\ap-source-output\com\entities\Previsions_.java,24,18,15,0,6,0,0,0,0,0
C:\Users\ZORE\Documents\NetBeansProjects\gimmo3\build\generated-sources\ap-source-output\com\entities\Profil_.java,24,18,15,0,6,0,0,0,0,0
C:\Users\ZORE\Documents\NetBeansProjects\gimmo3\build\generated-sources\ap-source-output\com\entities\Retourner_.java,27,21,18,0,6,0,0,0,0,0
C:\Users\ZORE\Documents\NetBeansProjects\gimmo3\build\generated-sources\ap-source-output\com\entities\Role_.java,24,18,15,0,6,0,0,0,0,0
C:\Users\ZORE\Documents\NetBeansProjects\gimmo3\build\generated-sources\ap-source-output\com\entities\Service_.java,27,21,18,0,6,0,0,0,0,0
C:\Users\ZORE\Documents\NetBeansProjects\gimmo3\build\generated-sources\ap-source-output\com\entities\Sortie_.java,30,24,21,0,6,0,0,0,0,0
C:\Users\ZORE\Documents\NetBeansProjects\gimmo3\build\generated-sources\ap-source-output\com\entities\Sourcedefinancement_.java,24,18,15,0,6,0,0,0,0,0
C:\Users\ZORE\Documents\NetBeansProjects\gimmo3\build\generated-sources\ap-source-output\com\entities\Structure_.java,29,23,20,0,6,0,0,0,0,0
C:\Users\ZORE\Documents\NetBeansProjects\gimmo3\build\generated-sources\ap-source-output\com\entities\Typedesortie_.java,23,17,14,0,6,0,0,0,0,0
C:\Users\ZORE\Documents\NetBeansProjects\gimmo3\build\generated-sources\ap-source-output\com\entities\Typeintervention_.java,23,17,14,0,6,0,0,0,0,0
C:\Users\ZORE\Documents\NetBeansProjects\gimmo3\build\generated-sources\ap-source-output\com\entities\Typemagasin_.java,23,17,14,0,6,0,0,0,0,0
C:\Users\ZORE\Documents\NetBeansProjects\gimmo3\build\generated-sources\ap-source-output\com\entities\Typeretour_.java,23,17,14,0,6,0,0,0,0,0
C:\Users\ZORE\Documents\NetBeansProjects\gimmo3\build\generated-sources\ap-source-output\com\entities\Typestructure_.java,23,17,14,0,6,0,0,0,0,0
C:\Users\ZORE\Documents\NetBeansProjects\gimmo3\build\generated-sources\ap-source-output\com\entities\Type_.java,24,18,15,0,6,0,0,0,0,0
C:\Users\ZORE\Documents\NetBeansProjects\gimmo3\build\generated-sources\ap-source-output\com\entities\Utilisateur_.java,29,23,20,0,6,0,0,0,0,0
C:\Users\ZORE\Documents\NetBeansProjects\gimmo3\src\java\PicklistGenericConverter.java,69,45,23,9,6,0,18,125,0,0
C:\Users\ZORE\Documents\NetBeansProjects\gimmo3\src\java\com\controller\AbstractBean.java,55,37,32,0,9,0,9,37,5,31
C:\Users\ZORE\Documents\NetBeansProjects\gimmo3\src\java\com\controller\AffectationBean.java,269,219,170,22,38,3,12,49,5,31
C:\Users\ZORE\Documents\NetBeansProjects\gimmo3\src\java\com\controller\AgentBean.java,125,99,76,5,17,0,9,37,5,31
C:\Users\ZORE\Documents\NetBeansProjects\gimmo3\src\java\com\controller\ArticleBean.java,117,88,68,4,19,0,10,38,5,31
C:\Users\ZORE\Documents\NetBeansProjects\gimmo3\src\java\com\controller\CategorieBean.java,121,98,78,3,14,0,9,37,5,31
C:\Users\ZORE\Documents\NetBeansProjects\gimmo3\src\java\com\controller\DotationBean.java,242,192,149,17,34,2,16,48,5,31
C:\Users\ZORE\Documents\NetBeansProjects\gimmo3\src\java\com\controller\EquipsortieBean.java,57,38,29,0,10,0,9,37,5,31
C:\Users\ZORE\Documents\NetBeansProjects\gimmo3\src\java\com\controller\EquipUtilBean.java,434,350,275,28,61,1,23,63,5,31
C:\Users\ZORE\Documents\NetBeansProjects\gimmo3\src\java\com\controller\FamilleBean.java,108,83,63,4,15,0,10,38,5,31
C:\Users\ZORE\Documents\NetBeansProjects\gimmo3\src\java\com\controller\FournisseurBean.java,98,74,56,3,15,0,9,37,5,31
C:\Users\ZORE\Documents\NetBeansProjects\gimmo3\src\java\com\controller\GroupeBean.java,97,74,56,3,13,0,10,38,5,31
C:\Users\ZORE\Documents\NetBeansProjects\gimmo3\src\java\com\controller\LoginController.java,81,56,43,7,13,1,12,49,5,31
C:\Users\ZORE\Documents\NetBeansProjects\gimmo3\src\java\com\controller\MagasinBean.java,199,156,120,11,33,0,10,39,5,31
C:\Users\ZORE\Documents\NetBeansProjects\gimmo3\src\java\com\controller\PostedetravailBean.java,115,90,68,6,16,0,9,37,5,31
C:\Users\ZORE\Documents\NetBeansProjects\gimmo3\src\java\com\controller\PrestataireBean.java,102,76,58,3,17,0,9,37,5,31
C:\Users\ZORE\Documents\NetBeansProjects\gimmo3\src\java\com\controller\ProfileController.java,101,76,57,4,13,0,12,46,5,31
C:\Users\ZORE\Documents\NetBeansProjects\gimmo3\src\java\com\controller\RetournerBean.java,526,426,333,42,84,6,16,67,5,31
C:\Users\ZORE\Documents\NetBeansProjects\gimmo3\src\java\com\controller\RoleBean.java,97,74,56,3,14,0,9,37,5,31
C:\Users\ZORE\Documents\NetBeansProjects\gimmo3\src\java\com\controller\ServiceBean.java,122,93,71,6,20,0,9,37,5,31
C:\Users\ZORE\Documents\NetBeansProjects\gimmo3\src\java\com\controller\SortieBean.java,204,162,125,12,31,0,11,41,5,31
C:\Users\ZORE\Documents\NetBeansProjects\gimmo3\src\java\com\controller\SourcedefinancementBean.java,100,74,56,3,17,0,9,37,5,31
C:\Users\ZORE\Documents\NetBeansProjects\gimmo3\src\java\com\controller\StructureBean.java,196,152,117,11,31,0,13,48,5,31
C:\Users\ZORE\Documents\NetBeansProjects\gimmo3\src\java\com\controller\TypeBean.java,104,82,62,4,12,0,10,38,5,31
C:\Users\ZORE\Documents\NetBeansProjects\gimmo3\src\java\com\controller\UtilisateurBean.java,162,116,89,10,23,0,23,67,5,31
C:\Users\ZORE\Documents\NetBeansProjects\gimmo3\src\java\com\converter\EquipementConverter.java,15,3,2,0,3,0,9,37,5,31
C:\Users\ZORE\Documents\NetBeansProjects\gimmo3\src\java\com\entities\Affectation.java,181,142,78,11,30,0,9,37,5,31
C:\Users\ZORE\Documents\NetBeansProjects\gimmo3\src\java\com\entities\Affectationrole.java,135,104,59,8,22,0,9,37,5,31
C:\Users\ZORE\Documents\NetBeansProjects\gimmo3\src\java\com\entities\Affectationutilisateur.java,146,114,65,9,23,0,9,37,5,31
C:\Users\ZORE\Documents\NetBeansProjects\gimmo3\src\java\com\entities\Agent.java,302,241,138,26,48,0,13,72,5,31
C:\Users\ZORE\Documents\NetBeansProjects\gimmo3\src\java\com\entities\Agentcat.java,124,94,55,7,21,0,9,37,5,31
C:\Users\ZORE\Documents\NetBeansProjects\gimmo3\src\java\com\entities\Article.java,210,167,97,18,32,0,11,70,5,31
C:\Users\ZORE\Documents\NetBeansProjects\gimmo3\src\java\com\entities\Besoins.java,132,102,59,8,21,0,9,37,5,31
C:\Users\ZORE\Documents\NetBeansProjects\gimmo3\src\java\com\entities\Bon.java,196,155,90,17,30,0,11,70,5,31
C:\Users\ZORE\Documents\NetBeansProjects\gimmo3\src\java\com\entities\Bonaffectation.java,178,141,80,15,26,0,11,70,5,31
C:\Users\ZORE\Documents\NetBeansProjects\gimmo3\src\java\com\entities\Bondotation.java,178,141,80,15,26,0,11,70,5,31
C:\Users\ZORE\Documents\NetBeansProjects\gimmo3\src\java\com\entities\Bonrestitution.java,190,151,85,16,28,0,11,70,5,31
C:\Users\ZORE\Documents\NetBeansProjects\gimmo3\src\java\com\entities\Categorie.java,144,112,64,13,22,0,10,53,5,31
C:\Users\ZORE\Documents\NetBeansProjects\gimmo3\src\java\com\entities\Dotation.java,159,125,69,9,25,0,9,37,5,31
C:\Users\ZORE\Documents\NetBeansProjects\gimmo3\src\java\com\entities\Equipement.java,340,274,154,29,54,0,12,71,5,31
C:\Users\ZORE\Documents\NetBeansProjects\gimmo3\src\java\com\entities\Equipementreparation.java,216,172,98,19,34,0,10,53,5,31
C:\Users\ZORE\Documents\NetBeansProjects\gimmo3\src\java\com\entities\Equipementsortis.java,148,115,67,9,24,0,9,37,5,31
C:\Users\ZORE\Documents\NetBeansProjects\gimmo3\src\java\com\entities\Etat.java,155,121,71,14,24,0,10,53,5,31
C:\Users\ZORE\Documents\NetBeansProjects\gimmo3\src\java\com\entities\Famille.java,171,135,79,15,26,0,10,53,5,31
C:\Users\ZORE\Documents\NetBeansProjects\gimmo3\src\java\com\entities\Fournisseur.java,215,170,96,18,32,0,13,111,5,31
C:\Users\ZORE\Documents\NetBeansProjects\gimmo3\src\java\com\entities\Groupe.java,155,121,71,14,24,0,10,53,5,31
C:\Users\ZORE\Documents\NetBeansProjects\gimmo3\src\java\com\entities\Inventairemagasin.java,147,113,65,9,25,0,9,37,5,31
C:\Users\ZORE\Documents\NetBeansProjects\gimmo3\src\java\com\entities\Inventairestructure.java,135,104,60,8,22,0,9,37,5,31
C:\Users\ZORE\Documents\NetBeansProjects\gimmo3\src\java\com\entities\Magasin.java,211,167,98,19,34,0,10,53,5,31
C:\Users\ZORE\Documents\NetBeansProjects\gimmo3\src\java\com\entities\Marque.java,155,121,71,14,24,0,10,53,5,31
C:\Users\ZORE\Documents\NetBeansProjects\gimmo3\src\java\com\entities\Occupation.java,146,114,65,9,23,0,9,37,5,31
C:\Users\ZORE\Documents\NetBeansProjects\gimmo3\src\java\com\entities\Postedetravail.java,189,150,88,16,28,0,11,70,5,31
C:\Users\ZORE\Documents\NetBeansProjects\gimmo3\src\java\com\entities\Prestataire.java,214,169,95,18,32,0,13,111,5,31
C:\Users\ZORE\Documents\NetBeansProjects\gimmo3\src\java\com\entities\Previsions.java,126,98,56,7,19,0,9,37,5,31
C:\Users\ZORE\Documents\NetBeansProjects\gimmo3\src\java\com\entities\Profil.java,165,129,76,15,26,0,10,53,5,31
C:\Users\ZORE\Documents\NetBeansProjects\gimmo3\src\java\com\entities\Retourner.java,171,136,74,10,26,0,9,37,5,31
C:\Users\ZORE\Documents\NetBeansProjects\gimmo3\src\java\com\entities\Role.java,167,131,76,15,26,0,10,53,5,31
C:\Users\ZORE\Documents\NetBeansProjects\gimmo3\src\java\com\entities\Service.java,199,133,78,11,30,0,36,132,5,31
C:\Users\ZORE\Documents\NetBeansProjects\gimmo3\src\java\com\entities\Sortie.java,237,190,107,20,36,0,11,70,5,31
C:\Users\ZORE\Documents\NetBeansProjects\gimmo3\src\java\com\entities\Sourcedefinancement.java,165,130,75,14,24,0,11,70,5,31
C:\Users\ZORE\Documents\NetBeansProjects\gimmo3\src\java\com\entities\Structure.java,223,177,104,20,36,0,10,53,5,31
C:\Users\ZORE\Documents\NetBeansProjects\gimmo3\src\java\com\entities\Type.java,170,134,78,15,26,0,10,53,5,31
C:\Users\ZORE\Documents\NetBeansProjects\gimmo3\src\java\com\entities\Typedesortie.java,155,121,71,14,24,0,10,53,5,31
C:\Users\ZORE\Documents\NetBeansProjects\gimmo3\src\java\com\entities\Typeintervention.java,155,121,71,14,24,0,10,53,5,31
C:\Users\ZORE\Documents\NetBeansProjects\gimmo3\src\java\com\entities\Typemagasin.java,155,121,71,14,24,0,10,53,5,31
C:\Users\ZORE\Documents\NetBeansProjects\gimmo3\src\java\com\entities\Typeretour.java,156,122,71,14,24,0,10,53,5,31
C:\Users\ZORE\Documents\NetBeansProjects\gimmo3\src\java\com\entities\Typestructure.java,155,121,71,14,24,0,10,53,5,31
C:\Users\ZORE\Documents\NetBeansProjects\gimmo3\src\java\com\entities\Utilisateur.java,214,171,98,18,32,0,11,70,5,31
C:\Users\ZORE\Documents\NetBeansProjects\gimmo3\src\java\com\filter\loginFilter.java,54,35,26,1,9,0,10,40,5,31
C:\Users\ZORE\Documents\NetBeansProjects\gimmo3\src\java\com\models\AbstractFacade.java,71,48,37,5,14,0,9,37,5,31
C:\Users\ZORE\Documents\NetBeansProjects\gimmo3\src\java\com\models\AffectationFacade.java,33,17,11,1,7,0,9,37,5,31
C:\Users\ZORE\Documents\NetBeansProjects\gimmo3\src\java\com\models\AffectationutilisateurFacade.java,33,17,11,1,7,0,9,37,5,31
C:\Users\ZORE\Documents\NetBeansProjects\gimmo3\src\java\com\models\AgentcatFacade.java,33,17,11,1,7,0,9,37,5,31
C:\Users\ZORE\Documents\NetBeansProjects\gimmo3\src\java\com\models\AgentFacade.java,33,17,11,1,7,0,9,37,5,31
C:\Users\ZORE\Documents\NetBeansProjects\gimmo3\src\java\com\models\ArticleFacade.java,44,27,19,2,8,0,9,37,5,31
C:\Users\ZORE\Documents\NetBeansProjects\gimmo3\src\java\com\models\BonaffectationFacade.java,52,35,25,5,8,0,9,37,5,31
C:\Users\ZORE\Documents\NetBeansProjects\gimmo3\src\java\com\models\BondotationFacade.java,51,34,24,5,8,0,9,37,5,31
C:\Users\ZORE\Documents\NetBeansProjects\gimmo3\src\java\com\models\BonFacade.java,50,34,24,5,7,0,9,37,5,31
C:\Users\ZORE\Documents\NetBeansProjects\gimmo3\src\java\com\models\BonrestitutionFacade.java,58,42,30,7,7,0,9,37,5,31
C:\Users\ZORE\Documents\NetBeansProjects\gimmo3\src\java\com\models\CategorieFacade.java,33,17,11,1,7,0,9,37,5,31
C:\Users\ZORE\Documents\NetBeansProjects\gimmo3\src\java\com\models\DotationFacade.java,33,17,11,1,7,0,9,37,5,31
C:\Users\ZORE\Documents\NetBeansProjects\gimmo3\src\java\com\models\EquipementFacade.java,91,60,39,11,13,4,18,71,5,31
C:\Users\ZORE\Documents\NetBeansProjects\gimmo3\src\java\com\models\EquipementsortisFacade.java,33,17,11,1,7,0,9,37,5,31
C:\Users\ZORE\Documents\NetBeansProjects\gimmo3\src\java\com\models\EtatFacade.java,33,17,11,1,7,0,9,37,5,31
C:\Users\ZORE\Documents\NetBeansProjects\gimmo3\src\java\com\models\FamilleFacade.java,44,28,20,3,7,0,9,37,5,31
C:\Users\ZORE\Documents\NetBeansProjects\gimmo3\src\java\com\models\FournisseurFacade.java,33,17,11,1,7,0,9,37,5,31
C:\Users\ZORE\Documents\NetBeansProjects\gimmo3\src\java\com\models\GroupeFacade.java,33,17,11,1,7,0,9,37,5,31
C:\Users\ZORE\Documents\NetBeansProjects\gimmo3\src\java\com\models\MagasinFacade.java,48,30,21,3,9,0,9,37,5,31
C:\Users\ZORE\Documents\NetBeansProjects\gimmo3\src\java\com\models\MarqueFacade.java,33,17,11,1,7,0,9,37,5,31
C:\Users\ZORE\Documents\NetBeansProjects\gimmo3\src\java\com\models\PostedetravailFacade.java,33,17,11,1,7,0,9,37,5,31
C:\Users\ZORE\Documents\NetBeansProjects\gimmo3\src\java\com\models\PrestataireFacade.java,33,17,11,1,7,0,9,37,5,31
C:\Users\ZORE\Documents\NetBeansProjects\gimmo3\src\java\com\models\ProfileFacade.java,33,17,11,1,7,0,9,37,5,31
C:\Users\ZORE\Documents\NetBeansProjects\gimmo3\src\java\com\models\RetournerFacade.java,33,17,11,1,7,0,9,37,5,31
C:\Users\ZORE\Documents\NetBeansProjects\gimmo3\src\java\com\models\RoleFacade.java,33,17,11,1,7,0,9,37,5,31
C:\Users\ZORE\Documents\NetBeansProjects\gimmo3\src\java\com\models\ServiceFacade.java,40,25,17,3,6,0,9,37,5,31
C:\Users\ZORE\Documents\NetBeansProjects\gimmo3\src\java\com\models\SortieFacade.java,38,21,14,1,8,0,9,37,5,31
C:\Users\ZORE\Documents\NetBeansProjects\gimmo3\src\java\com\models\SourcedefinancementFacade.java,33,17,11,1,7,0,9,37,5,31
C:\Users\ZORE\Documents\NetBeansProjects\gimmo3\src\java\com\models\StructureFacade.java,51,34,24,4,8,0,9,37,5,31
C:\Users\ZORE\Documents\NetBeansProjects\gimmo3\src\java\com\models\TypedesortieFacade.java,33,17,11,1,7,0,9,37,5,31
C:\Users\ZORE\Documents\NetBeansProjects\gimmo3\src\java\com\models\TypeFacade.java,42,25,17,2,8,0,9,37,5,31
C:\Users\ZORE\Documents\NetBeansProjects\gimmo3\src\java\com\models\TypemagasinFacade.java,33,17,11,1,7,0,9,37,5,31
C:\Users\ZORE\Documents\NetBeansProjects\gimmo3\src\java\com\models\TyperetourFacade.java,32,17,11,1,6,0,9,37,5,31
C:\Users\ZORE\Documents\NetBeansProjects\gimmo3\src\java\com\models\TypestructureFacade.java,33,17,11,1,7,0,9,37,5,31
C:\Users\ZORE\Documents\NetBeansProjects\gimmo3\src\java\com\models\UtilisateurFacade.java,117,79,56,16,23,0,15,83,5,31
C:\Users\ZORE\Documents\NetBeansProjects\gimmo3\src\java\com\utils\JSFUtils.java,36,19,14,1,8,0,9,37,5,31
C:\Users\ZORE\Documents\NetBeansProjects\gimmo3\test\tess.java,39,11,9,0,9,0,19,63,0,0
